{
    "manufacturer": "flamwenco",
    "keyboard_name": "Meadow Stumble",
    "maintainer": "flamwenco",
    "processor": "RP2040",
    "bootloader": "rp2040",
    "usb": {
        "vid": "0x7FF7",
        "pid": "0xFD79",
        "device_version": "0.0.1"
    },
    "features": {
        "bootmagic": true,
        "command": false,
        "console": false,
        "extrakey": true,
        "mousekey": true,
        "rgb_matrix": true,
        "nkro": true
    },
    "diode_direction": "COL2ROW",
    "matrix_pins": {
        "rows": ["GP28", "GP21", "GP27", "GP5", "GP15"],
        "cols": ["GP20", "GP0", "GP1", "GP19", "GP3", "GP4", "GP6", "GP7", "GP8", "GP9", "GP10", "GP11", "GP14", "GP13", "GP12"]
    },
    "ws2812": {
        "driver": "vendor",
        "pin": "GP18"
    },
    "rgb_matrix": {
        "driver": "WS2812",
        "layout": [
            {"flags": 4, "matrix": [0, 0], "x": 196, "y": 32},
            {"flags": 4, "matrix": [0, 1], "x": 200, "y": 32},
            {"flags": 4, "matrix": [0, 2], "x": 204, "y": 32},
            {"flags": 4, "matrix": [0, 3], "x": 208, "y": 32},
            {"flags": 4, "matrix": [0, 4], "x": 212, "y": 32},
            {"flags": 4, "matrix": [0, 5], "x": 216, "y": 32},
            {"flags": 4, "matrix": [0, 6], "x": 220, "y": 32}
        ]
    },
    "layouts": {
        "LAYOUT_6": {
            "layout": [
                { "matrix": [0, 0], "x": 0, "y": 0 },
                { "matrix": [0, 1], "x": 1.25, "y": 0 },
                { "matrix": [0, 2], "x": 2.25, "y": 0 },
                { "matrix": [0, 3], "x": 3.25, "y": 0 },
                { "matrix": [0, 4], "x": 4.25, "y": 0 },
                { "matrix": [0, 5], "x": 5.5, "y": 0 },
                { "matrix": [0, 6], "x": 6.5, "y": 0 },
                { "matrix": [0, 7], "x": 7.5, "y": 0 },
                { "matrix": [0, 8], "x": 8.5, "y": 0 },
                { "matrix": [0, 9], "x": 9.75, "y": 0 },
                { "matrix": [0, 10], "x": 10.75, "y": 0 },
                { "matrix": [0, 11], "x": 11.75, "y": 0 },
                { "matrix": [0, 12], "x": 13, "y": 0 },
                { "matrix": [0, 13], "x": 14, "y": 0 },
                { "matrix": [0, 14], "x": 15, "y": 0 },
                { "matrix": [1, 0], "x": 0, "y": 1.25 },
                { "matrix": [1, 1], "x": 1, "y": 1.25 },
                { "matrix": [1, 2], "x": 2, "y": 1.25 },
                { "matrix": [1, 3], "x": 3, "y": 1.25 },
                { "matrix": [1, 4], "x": 4, "y": 1.25 },
                { "matrix": [1, 5], "x": 5, "y": 1.25 },
                { "matrix": [1, 6], "x": 6, "y": 1.25 },
                { "matrix": [1, 7], "x": 7, "y": 1.25 },
                { "matrix": [1, 8], "x": 8, "y": 1.25 },
                { "matrix": [1, 9], "x": 9, "y": 1.25 },
                { "matrix": [1, 10], "x": 10, "y": 1.25 },
                { "matrix": [1, 11], "w": 1.75, "x": 11, "y": 1.25 },
                { "matrix": [1, 12], "x": 13, "y": 1.25 },
                { "matrix": [1, 13], "x": 14, "y": 1.25 },
                { "matrix": [1, 14], "x": 15, "y": 1.25 },
                { "matrix": [2, 0], "w": 1.25, "x": 0, "y": 2.25 },
                { "matrix": [2, 1], "x": 1.25, "y": 2.25 },
                { "matrix": [2, 2], "x": 2.25, "y": 2.25 },
                { "matrix": [2, 3], "x": 3.25, "y": 2.25 },
                { "matrix": [2, 4], "x": 4.25, "y": 2.25 },
                { "matrix": [2, 5], "x": 5.25, "y": 2.25 },
                { "matrix": [2, 6], "x": 6.25, "y": 2.25 },
                { "matrix": [2, 7], "x": 7.25, "y": 2.25 },
                { "matrix": [2, 8], "x": 8.25, "y": 2.25 },
                { "matrix": [2, 9], "x": 9.25, "y": 2.25 },
                { "matrix": [2, 10], "x": 10.25, "y": 2.25 },
                { "matrix": [2, 11], "w": 1.5, "x": 11.25, "y": 2.25 },
                { "matrix": [3, 0], "w": 1.75, "x": 0, "y": 3.25 },
                { "matrix": [3, 1], "x": 1.75, "y": 3.25 },
                { "matrix": [3, 2], "x": 2.75, "y": 3.25 },
                { "matrix": [3, 3], "x": 3.75, "y": 3.25 },
                { "matrix": [3, 4], "x": 4.75, "y": 3.25 },
                { "matrix": [3, 5], "x": 5.75, "y": 3.25 },
                { "matrix": [3, 6], "x": 6.75, "y": 3.25 },
                { "matrix": [3, 7], "x": 7.75, "y": 3.25 },
                { "matrix": [3, 8], "x": 8.75, "y": 3.25 },
                { "matrix": [3, 9], "x": 9.75, "y": 3.25 },
                { "matrix": [3, 10], "x": 10.75, "y": 3.25 },
                { "matrix": [3, 11], "x": 11.75, "y": 3.25 },
                { "matrix": [3, 13], "x": 14, "y": 3.25 },
                { "matrix": [4, 0], "w": 1.25, "x": 0, "y": 4.25 },
                { "matrix": [4, 1], "x": 1.25, "y": 4.25 },
                { "matrix": [4, 2], "w": 1.25, "x": 2.25, "y": 4.25 },
                { "matrix": [4, 5], "w": 6, "x": 3.5, "y": 4.25 },
                { "matrix": [4, 9], "x": 9.5, "y": 4.25 },
                { "matrix": [4, 10], "x": 10.5, "y": 4.25 },
                { "matrix": [4, 11], "w": 1.25, "x": 11.5, "y": 4.25 },
                { "matrix": [4, 12], "x": 13, "y": 4.25 },
                { "matrix": [4, 13], "x": 14, "y": 4.25 },
                { "matrix": [4, 14], "x": 15, "y": 4.25 }
            ]
        },
        "LAYOUT_625": {
            "layout": [
                { "matrix": [0, 0], "x": 0, "y": 0 },
                { "matrix": [0, 1], "x": 1.25, "y": 0 },
                { "matrix": [0, 2], "x": 2.25, "y": 0 },
                { "matrix": [0, 3], "x": 3.25, "y": 0 },
                { "matrix": [0, 4], "x": 4.25, "y": 0 },
                { "matrix": [0, 5], "x": 5.5, "y": 0 },
                { "matrix": [0, 6], "x": 6.5, "y": 0 },
                { "matrix": [0, 7], "x": 7.5, "y": 0 },
                { "matrix": [0, 8], "x": 8.5, "y": 0 },
                { "matrix": [0, 9], "x": 9.75, "y": 0 },
                { "matrix": [0, 10], "x": 10.75, "y": 0 },
                { "matrix": [0, 11], "x": 11.75, "y": 0 },
                { "matrix": [0, 12], "x": 13, "y": 0 },
                { "matrix": [0, 13], "x": 14, "y": 0 },
                { "matrix": [0, 14], "x": 15, "y": 0 },
                { "matrix": [1, 0], "x": 0, "y": 1.25 },
                { "matrix": [1, 1], "x": 1, "y": 1.25 },
                { "matrix": [1, 2], "x": 2, "y": 1.25 },
                { "matrix": [1, 3], "x": 3, "y": 1.25 },
                { "matrix": [1, 4], "x": 4, "y": 1.25 },
                { "matrix": [1, 5], "x": 5, "y": 1.25 },
                { "matrix": [1, 6], "x": 6, "y": 1.25 },
                { "matrix": [1, 7], "x": 7, "y": 1.25 },
                { "matrix": [1, 8], "x": 8, "y": 1.25 },
                { "matrix": [1, 9], "x": 9, "y": 1.25 },
                { "matrix": [1, 10], "x": 10, "y": 1.25 },
                { "matrix": [1, 11], "w": 1.75, "x": 11, "y": 1.25 },
                { "matrix": [1, 12], "x": 13, "y": 1.25 },
                { "matrix": [1, 13], "x": 14, "y": 1.25 },
                { "matrix": [1, 14], "x": 15, "y": 1.25 },
                { "matrix": [2, 0], "w": 1.25, "x": 0, "y": 2.25 },
                { "matrix": [2, 1], "x": 1.25, "y": 2.25 },
                { "matrix": [2, 2], "x": 2.25, "y": 2.25 },
                { "matrix": [2, 3], "x": 3.25, "y": 2.25 },
                { "matrix": [2, 4], "x": 4.25, "y": 2.25 },
                { "matrix": [2, 5], "x": 5.25, "y": 2.25 },
                { "matrix": [2, 6], "x": 6.25, "y": 2.25 },
                { "matrix": [2, 7], "x": 7.25, "y": 2.25 },
                { "matrix": [2, 8], "x": 8.25, "y": 2.25 },
                { "matrix": [2, 9], "x": 9.25, "y": 2.25 },
                { "matrix": [2, 10], "x": 10.25, "y": 2.25 },
                { "matrix": [2, 11], "w": 1.5, "x": 11.25, "y": 2.25 },
                { "matrix": [3, 0], "w": 1.75, "x": 0, "y": 3.25 },
                { "matrix": [3, 1], "x": 1.75, "y": 3.25 },
                { "matrix": [3, 2], "x": 2.75, "y": 3.25 },
                { "matrix": [3, 3], "x": 3.75, "y": 3.25 },
                { "matrix": [3, 4], "x": 4.75, "y": 3.25 },
                { "matrix": [3, 5], "x": 5.75, "y": 3.25 },
                { "matrix": [3, 6], "x": 6.75, "y": 3.25 },
                { "matrix": [3, 7], "x": 7.75, "y": 3.25 },
                { "matrix": [3, 8], "x": 8.75, "y": 3.25 },
                { "matrix": [3, 9], "x": 9.75, "y": 3.25 },
                { "matrix": [3, 10], "x": 10.75, "y": 3.25 },
                { "matrix": [3, 11], "x": 11.75, "y": 3.25 },
                { "matrix": [3, 13], "x": 14, "y": 3.25 },
                { "matrix": [4, 0], "w": 1.25, "x": 0, "y": 4.25 },
                { "matrix": [4, 1], "x": 1.25, "y": 4.25 },
                { "matrix": [4, 2], "x": 2.25, "y": 4.25 },
                { "matrix": [4, 5], "w": 6.25, "x": 3.25, "y": 4.25 },
                { "matrix": [4, 9], "x": 9.5, "y": 4.25 },
                { "matrix": [4, 10], "x": 10.5, "y": 4.25 },
                { "matrix": [4, 11], "w": 1.25, "x": 11.5, "y": 4.25 },
                { "matrix": [4, 12], "x": 13, "y": 4.25 },
                { "matrix": [4, 13], "x": 14, "y": 4.25 },
                { "matrix": [4, 14], "x": 15, "y": 4.25 }
            ]
        },
        "LAYOUT_all": {
            "layout": [
                { "matrix": [0, 0], "x": 0, "y": 0 },
                { "matrix": [0, 1], "x": 1.25, "y": 0 },
                { "matrix": [0, 2], "x": 2.25, "y": 0 },
                { "matrix": [0, 3], "x": 3.25, "y": 0 },
                { "matrix": [0, 4], "x": 4.25, "y": 0 },
                { "matrix": [0, 5], "x": 5.5, "y": 0 },
                { "matrix": [0, 6], "x": 6.5, "y": 0 },
                { "matrix": [0, 7], "x": 7.5, "y": 0 },
                { "matrix": [0, 8], "x": 8.5, "y": 0 },
                { "matrix": [0, 9], "x": 9.75, "y": 0 },
                { "matrix": [0, 10], "x": 10.75, "y": 0 },
                { "matrix": [0, 11], "x": 11.75, "y": 0 },
                { "matrix": [0, 12], "x": 13, "y": 0 },
                { "matrix": [0, 13], "x": 14, "y": 0 },
                { "matrix": [0, 14], "x": 15, "y": 0 },
                { "matrix": [1, 0], "x": 0, "y": 1.25 },
                { "matrix": [1, 1], "x": 1, "y": 1.25 },
                { "matrix": [1, 2], "x": 2, "y": 1.25 },
                { "matrix": [1, 3], "x": 3, "y": 1.25 },
                { "matrix": [1, 4], "x": 4, "y": 1.25 },
                { "matrix": [1, 5], "x": 5, "y": 1.25 },
                { "matrix": [1, 6], "x": 6, "y": 1.25 },
                { "matrix": [1, 7], "x": 7, "y": 1.25 },
                { "matrix": [1, 8], "x": 8, "y": 1.25 },
                { "matrix": [1, 9], "x": 9, "y": 1.25 },
                { "matrix": [1, 10], "x": 10, "y": 1.25 },
                { "matrix": [1, 11], "w": 1.75, "x": 11, "y": 1.25 },
                { "matrix": [1, 12], "x": 13, "y": 1.25 },
                { "matrix": [1, 13], "x": 14, "y": 1.25 },
                { "matrix": [1, 14], "x": 15, "y": 1.25 },
                { "matrix": [2, 0], "w": 1.25, "x": 0, "y": 2.25 },
                { "matrix": [2, 1], "x": 1.25, "y": 2.25 },
                { "matrix": [2, 2], "x": 2.25, "y": 2.25 },
                { "matrix": [2, 3], "x": 3.25, "y": 2.25 },
                { "matrix": [2, 4], "x": 4.25, "y": 2.25 },
                { "matrix": [2, 5], "x": 5.25, "y": 2.25 },
                { "matrix": [2, 6], "x": 6.25, "y": 2.25 },
                { "matrix": [2, 7], "x": 7.25, "y": 2.25 },
                { "matrix": [2, 8], "x": 8.25, "y": 2.25 },
                { "matrix": [2, 9], "x": 9.25, "y": 2.25 },
                { "matrix": [2, 10], "x": 10.25, "y": 2.25 },
                { "matrix": [2, 11], "w": 1.5, "x": 11.25, "y": 2.25 },
                { "matrix": [3, 0], "w": 1.75, "x": 0, "y": 3.25 },
                { "matrix": [3, 1], "x": 1.75, "y": 3.25 },
                { "matrix": [3, 2], "x": 2.75, "y": 3.25 },
                { "matrix": [3, 3], "x": 3.75, "y": 3.25 },
                { "matrix": [3, 4], "x": 4.75, "y": 3.25 },
                { "matrix": [3, 5], "x": 5.75, "y": 3.25 },
                { "matrix": [3, 6], "x": 6.75, "y": 3.25 },
                { "matrix": [3, 7], "x": 7.75, "y": 3.25 },
                { "matrix": [3, 8], "x": 8.75, "y": 3.25 },
                { "matrix": [3, 9], "x": 9.75, "y": 3.25 },
                { "matrix": [3, 10], "x": 10.75, "y": 3.25 },
                { "matrix": [3, 11], "x": 11.75, "y": 3.25 },
                { "matrix": [3, 13], "x": 14, "y": 3.25 },
                { "matrix": [4, 0], "w": 1.25, "x": 0, "y": 4.25 },
                { "matrix": [4, 1], "x": 1.25, "y": 4.25 },
                { "matrix": [4, 2], "x": 2.25, "y": 4.25 },
                { "matrix": [4, 3], "x": 3.25, "y": 4.25 },
                { "matrix": [4, 5], "w": 2.25, "x": 4.25, "y": 4.25 },
                { "matrix": [4, 6], "w": 2, "x": 6.5, "y": 4.25 },
                { "matrix": [4, 8], "x": 8.5, "y": 4.25 },
                { "matrix": [4, 9], "x": 9.5, "y": 4.25 },
                { "matrix": [4, 10], "x": 10.5, "y": 4.25 },
                { "matrix": [4, 11], "w": 1.25, "x": 11.5, "y": 4.25 },
                { "matrix": [4, 12], "x": 13, "y": 4.25 },
                { "matrix": [4, 13], "x": 14, "y": 4.25 },
                { "matrix": [4, 14], "x": 15, "y": 4.25 }
            ]
        },
        "LAYOUT_split3": {
            "layout": [
                { "matrix": [0, 0], "x": 0, "y": 0 },
                { "matrix": [0, 1], "x": 1.25, "y": 0 },
                { "matrix": [0, 2], "x": 2.25, "y": 0 },
                { "matrix": [0, 3], "x": 3.25, "y": 0 },
                { "matrix": [0, 4], "x": 4.25, "y": 0 },
                { "matrix": [0, 5], "x": 5.5, "y": 0 },
                { "matrix": [0, 6], "x": 6.5, "y": 0 },
                { "matrix": [0, 7], "x": 7.5, "y": 0 },
                { "matrix": [0, 8], "x": 8.5, "y": 0 },
                { "matrix": [0, 9], "x": 9.75, "y": 0 },
                { "matrix": [0, 10], "x": 10.75, "y": 0 },
                { "matrix": [0, 11], "x": 11.75, "y": 0 },
                { "matrix": [0, 12], "x": 13, "y": 0 },
                { "matrix": [0, 13], "x": 14, "y": 0 },
                { "matrix": [0, 14], "x": 15, "y": 0 },
                { "matrix": [1, 0], "x": 0, "y": 1.25 },
                { "matrix": [1, 1], "x": 1, "y": 1.25 },
                { "matrix": [1, 2], "x": 2, "y": 1.25 },
                { "matrix": [1, 3], "x": 3, "y": 1.25 },
                { "matrix": [1, 4], "x": 4, "y": 1.25 },
                { "matrix": [1, 5], "x": 5, "y": 1.25 },
                { "matrix": [1, 6], "x": 6, "y": 1.25 },
                { "matrix": [1, 7], "x": 7, "y": 1.25 },
                { "matrix": [1, 8], "x": 8, "y": 1.25 },
                { "matrix": [1, 9], "x": 9, "y": 1.25 },
                { "matrix": [1, 10], "x": 10, "y": 1.25 },
                { "matrix": [1, 11], "w": 1.75, "x": 11, "y": 1.25 },
                { "matrix": [1, 12], "x": 13, "y": 1.25 },
                { "matrix": [1, 13], "x": 14, "y": 1.25 },
                { "matrix": [1, 14], "x": 15, "y": 1.25 },
                { "matrix": [2, 0], "w": 1.25, "x": 0, "y": 2.25 },
                { "matrix": [2, 1], "x": 1.25, "y": 2.25 },
                { "matrix": [2, 2], "x": 2.25, "y": 2.25 },
                { "matrix": [2, 3], "x": 3.25, "y": 2.25 },
                { "matrix": [2, 4], "x": 4.25, "y": 2.25 },
                { "matrix": [2, 5], "x": 5.25, "y": 2.25 },
                { "matrix": [2, 6], "x": 6.25, "y": 2.25 },
                { "matrix": [2, 7], "x": 7.25, "y": 2.25 },
                { "matrix": [2, 8], "x": 8.25, "y": 2.25 },
                { "matrix": [2, 9], "x": 9.25, "y": 2.25 },
                { "matrix": [2, 10], "x": 10.25, "y": 2.25 },
                { "matrix": [2, 11], "w": 1.5, "x": 11.25, "y": 2.25 },
                { "matrix": [3, 0], "w": 1.75, "x": 0, "y": 3.25 },
                { "matrix": [3, 1], "x": 1.75, "y": 3.25 },
                { "matrix": [3, 2], "x": 2.75, "y": 3.25 },
                { "matrix": [3, 3], "x": 3.75, "y": 3.25 },
                { "matrix": [3, 4], "x": 4.75, "y": 3.25 },
                { "matrix": [3, 5], "x": 5.75, "y": 3.25 },
                { "matrix": [3, 6], "x": 6.75, "y": 3.25 },
                { "matrix": [3, 7], "x": 7.75, "y": 3.25 },
                { "matrix": [3, 8], "x": 8.75, "y": 3.25 },
                { "matrix": [3, 9], "x": 9.75, "y": 3.25 },
                { "matrix": [3, 10], "x": 10.75, "y": 3.25 },
                { "matrix": [3, 11], "x": 11.75, "y": 3.25 },
                { "matrix": [3, 13], "x": 14, "y": 3.25 },
                { "matrix": [4, 0], "w": 1.25, "x": 0, "y": 4.25 },
                { "matrix": [4, 1], "x": 1.25, "y": 4.25 },
                { "matrix": [4, 2], "w": 1.25, "x": 2.25, "y": 4.25 },
                { "matrix": [4, 5], "w": 3, "x": 3.5, "y": 4.25 },
                { "matrix": [4, 6], "w": 3, "x": 6.5, "y": 4.25 },
                { "matrix": [4, 9], "x": 9.5, "y": 4.25 },
                { "matrix": [4, 10], "x": 10.5, "y": 4.25 },
                { "matrix": [4, 11], "w": 1.25, "x": 11.5, "y": 4.25 },
                { "matrix": [4, 12], "x": 13, "y": 4.25 },
                { "matrix": [4, 13], "x": 14, "y": 4.25 },
                { "matrix": [4, 14], "x": 15, "y": 4.25 }
            ]
        }
    }
}