{
  "name": "Meadow Stumble",
  "vendorId": "0x7FF7",
  "productId": "0xFD79",
  "lighting": "none",
  "matrix": {
    "rows": 5,
    "cols": 15
  },
  "layouts": {
    "labels": [
      [
        "Bottom Row",
        "2.25u + 2u",
        "6.25u",
        "3u + 3u",
        "6u"
      ]
    ],
    "keymap": [
      [
        "0,0",
        {
          "x": 0.25
        },
        "0,1",
        "0,2",
        "0,3",
        "0,4",
        {
          "x": 0.25
        },
        "0,5",
        "0,6",
        "0,7",
        "0,8",
        {
          "x": 0.25
        },
        "0,9",
        "0,10",
        "0,11",
        {
          "x": 0.25
        },
        "0,12",
        "0,13",
        "0,14"
      ],
      [
        {
          "y": 0.25
        },
        "1,0",
        "1,1",
        "1,2",
        "1,3",
        "1,4",
        "1,5",
        "1,6",
        "1,7",
        "1,8",
        "1,9",
        "1,10",
        {
          "w": 1.75
        },
        "1,11",
        {
          "x": 0.25
        },
        "1,12",
        "1,13",
        "1,14"
      ],
      [
        {
          "w": 1.25
        },
        "2,0",
        "2,1",
        "2,2",
        "2,3",
        "2,4",
        "2,5",
        "2,6",
        "2,7",
        "2,8",
        "2,9",
        "2,10",
        {
          "w": 1.5
        },
        "2,11"
      ],
      [
        {
          "w": 1.75
        },
        "3,0",
        "3,1",
        "3,2",
        "3,3",
        "3,4",
        "3,5",
        "3,6",
        "3,7",
        "3,8",
        "3,9",
        "3,10",
        "3,11",
        {
          "x": 1.25
        },
        "3,13"
      ],
      [
        {
          "w": 1.25
        },
        "4,0",
        "4,1",
        "4,2\n\n\n0,0",
        "4,3\n\n\n0,0",
        {
          "w": 2.25
        },
        "4,5\n\n\n0,0",
        {
          "w": 2
        },
        "4,6\n\n\n0,0",
        "4,8\n\n\n0,0",
        "4,9",
        "4,10",
        {
          "w": 1.25
        },
        "4,11",
        {
          "x": 0.25
        },
        "4,12",
        "4,13",
        "4,14"
      ],
      [
        {
          "y": 0.25,
          "x": 2.25
        },
        "4,2\n\n\n0,1",
        {
          "w": 6.25
        },
        "4,5\n\n\n0,1"
      ],
      [
        {
          "x": 2.25,
          "w": 1.25
        },
        "4,2\n\n\n0,2",
        {
          "w": 3
        },
        "4,5\n\n\n0,2",
        {
          "w": 3
        },
        "4,6\n\n\n0,2"
      ],
      [
        {
          "x": 2.25,
          "w": 1.25
        },
        "4,2\n\n\n0,3",
        {
          "w": 6
        },
        "4,5\n\n\n0,3"
      ]
    ]
  }
}